167TH TFR FEDERAL CREDIT UNION,2246
1ST 2ND MORTGAGE CO. OF NJ INC,17817
1ST ADVANTAGE FEDERAL CREDIT,29326
1ST ADVANTAGE MORTGAGE,8438
"1ST ALLIANCE LENDING, LLC",36563
1ST COLONIAL COMMUNITY  BANK,2989
1ST CONSTITUTION BANK,2012
1ST MARINER BANK,3415853
1ST NATIONAL COMMUNITY BANK,352
1ST PORTFOLIO LENDING CORP,864093
1ST PREFERENCE MORTGAGE CORP,337084
360 MORTGAGE GROUP LLC,133146
3RD FED BANK,417
5STAR BANK,200
66 FEDERAL CREDIT UNION,1591
ABERDEEN PROVING GROUND FCU,253112
ABNB FEDERAL CREDIT UNION,33220
ABSOLUTE HOME MORTGAGE CORP,12142
ACACIA FEDERAL SAVINGS BANK,394987
ACADEMY MORTGAGE CORPORATION,318527
ACADEMY NATIONAL BANK,408
ACCESS NATIONAL BANK,749903
ACNB BANK,3114
"ACOPIA, LLC",386
ADMIRALS BANK,1065
ADP FEDERAL CREDIT UNION,673
ADVANCE BANK,3439
ADVANCE MORTGAGE,12129
ADVANCE MORTGAGE CORPORATION,270
ADVANCIAL FEDERAL CREDIT UNION,10435
ADVANTAGE BANK,28818
"ADVISORS MORTGAGE GROUP, LLC.",6422
AEROSPACE FEDERAL CREDIT UNION,15822
AFFILIATED BANK,1395
AFFILIATED MORTGAGE COMPANY,8793
AFFINITY BANK OF PA,208
AFFINITY FEDERAL CREDIT UNION,11986
"AFFINITY LENDING SOLUTIONS, LL",1423
"AGCHOICE FARM CREDIT,   ACA",1246
AGRICULTURE FCU,36
AIR ACADEMY FEDERAL CU,626
AIR FORCE FEDERAL CREDIT UNION,208
"AIRES MORTGAGE SOLUTIONS, LLC",739
"ALCOVA MORTGAGE, LLC",675910
"ALERUS FINANCIAL, N.A.",1357
ALL WESTERN MORTGAGE,787
ALLEGACY FEDERAL CREDIT UNION,4540
ALLEGANY COUNTY TEACHERS FCU,15191
ALLIANCE BANK,848
ALLIANT CREDIT UNION,59859
"ALLIED FIRST BANK, SB",2131
ALLIED MORTGAGE GROUP,256437
ALLY BANK,1452930
ALPHA MORTGAGE CORPORATION,571
ALTRA FEDERAL CREDIT UNION,334
AMALGAMATED BANK,4103
AMARILLO NATIONAL BANK,647
AMERICA'S CHOICE HOME LOANS LP,3104
AMERICAN ADVISORS GROUP,46652
AMERICAN AIRLINES FCU,11142
AMERICAN B & T C N.A.,1930
AMERICAN BANK,290629
"AMERICAN EQUITY MORTGAGE, INC.",139368
AMERICAN FINANCE HOUSE LARIBA,19719
AMERICAN FINANCIAL FUNDING,300
AMERICAN FINANCIAL NETWORK INC,22975
AMERICAN FINANCIAL RESOURCES,258794
AMERICAN FINANCING CORP,571
AMERICAN HERITAGE CAPITAL,6133
AMERICAN HERITAGE FCU,7934
AMERICAN HERITAGE NATIONAL BAN,560
"AMERICAN INTERNET MORTGAGE,INC",429933
AMERICAN MIDWEST BANK,713
AMERICAN MORTGAGE SERVICE COMP,474
AMERICAN NATIONAL BANK,393
AMERICAN NATIONAL BANK & TRUST,83244
AMERICAN NEIGHBORHOOD MORTGAGE,327836
"AMERICAN SAVINGS BANK, FSB, PO",176
AMERICAN SECURITY MORTGAGE COR,192852
AMERICAN SOUTHWEST MORTGAGE CO,25408
AMERICAN SPIRIT FCU,1271
AMERICAN TRUST & SAVINGS BANK,662
AMERICASH,25012
"AMERIPRISE BANK, FSB",19636
AMERIS BANK,4917
AMERISAVE MORTGAGE CORPORATION,1518005
AMERISERV FINANCIAL BANK,3050
AMERITRUST MORTGAGE INC.,25912
ANDREWS FEDERAL CREDIT UNION,59631
ANDROMEDA MORTGAGE GROUP LLC,812
ANHEUSER-BUSCH EMPLOYEES' CU,9131
APCI FEDERAL CREDIT UNION,4433
"APEX HOME LOANS, INC.",1187366
APL FEDERAL CREDIT UNION,12422
APPALACHIAN COMMUNITY FCU,9567
APPLE FEDERAL CREDIT UNION,467614
ARGENT FEDERAL CREDIT UNION,36486
ARK-LA-TEX FINANCIAL SERVICES,17008
ARLINGTON COMMUNITY FCU,4238
"ARMED FORCES BANK, NA",10561
ARTISANS' BANK,55626
ARUNDEL FEDERAL SAVINGS BANK,94587
ARVEST BANK,240
ARVEST MORTGAGE COMPANY,20172
ASCEND FEDERAL CREDIT UNION,922
ASHLAND CREDIT UNION,983
ASPIRE FEDERAL CREDIT UNION,320
ASSOCIATED MORTGAGE BANKERS IN,9386
ASTORIA FEDERAL MORTGAGE CORP.,243449
ASTORIA FEDERAL SAVINGS & LOAN,92004
ATLANTA POSTAL CREDIT UNION,2040
ATLANTIC BAY MORTGAGE GROUPLLC,2506168
ATLANTIC COAST BANK,328
ATLANTIC COAST MORTGAGE LLC,2250156
ATLANTIC FINANCIAL FED CU,11875
"ATLANTIC FINANCIAL, INC.",65642
"ATLANTIC HOME LOANS, INC.",153813
ATLANTIC PACIFIC MORTGAGE CORP,33635
AURORA BANK FSB,6964
AURORA FINANCIAL GROUP INC,6155
AVENUE BANK,273
BALTIMORE COUNTY EMPLOYEES FCU,3787
BALTIMORE COUNTY SAVINGS BANK,38851
"BANC OF CALIFORNIA, NA",76879
BANCO POPULAR NORTH AMERICA,1056
BANCORPSOUTH,476
BANK @LANTEC,13343
"BANK OF AMERICA, N.A.",12643531
BANK OF ANN ARBOR,1135
BANK OF BENNINGTON,542
BANK OF BLUE VALLEY,2092
BANK OF BOTETOURT,26406
BANK OF CHARLES TOWN,56185
BANK OF CLARKE COUNTY,50735
BANK OF ENGLAND,87655
BANK OF FLOYD,6983
BANK OF GASSAWAY,27283
BANK OF GEORGETOWN,31956
BANK OF IDAHO,292
BANK OF MANHATTAN NA,2130
BANK OF MCKENNEY,10345
BANK OF MOUNT HOPE INC,1351
BANK OF NEBRASKA,3713
BANK OF NORTH CAROLINA,9634
BANK OF OAK RIDGE,170
BANK OF OCEAN CITY,6131
BANK OF SPRINGFIELD,293
BANK OF SULLIVAN,372
BANK OF TENNESSEE,1633
BANK OF THE JAMES,47647
BANK OF THE OZARKS,790
BANK OF VIRGINIA,5234
"BANK OF WHITTIER, N.A.",4113
BANK STAR,713
BANK-FUND STAFF FCU,1294616
BANKANNAPOLIS,3492
BANKERS TRUST COMPANY,995
BANKSOUTH,5586
BARCLAYS BANK DELAWARE,4887
BARRINGTON BANK & TRUST CO.NA,161984
BARRONS MORTGAGE GROUP LTD,208513
BAXTER CREDIT UNION,19090
"BAY BANK, FSB",379925
BAY CAPITAL MORTGAGE CORPORATI,167291
BAY VALLEY MORTGAGE GROUP,7138
BAY-VANGUARD FEDERAL SAVINGS B,13304
BAYCOAST BANK,1072
BAYER HERITAGE FEDERAL CREDIT,41546
BAYLANDS FEDERAL CREDIT UNION,9711
BAYPORT CREDIT UNION,148605
"BAYSHORE MORTGAGE FUNDING, LLC",57645
BCB COMMUNITY BANK,231
BEACH MUNICIPAL FCU,15108
BEACON CREDIT UNION,1425
BELMONT SAVINGS BANK,5293
BELPRE SAVINGS BANK,6643
BELVOIR FEDERAL CREDIT UNION,1472
BENCHMARK BANK,144
BENCHMARK FEDERAL CREDIT UNION,782
BENEFICIAL BANK,500
BETHPAGE FEDERAL CREDIT UNION,11980
BEXIL AMERICAN MORTGAGE INC.,559
BLACK HILLS FEDERAL CREDIT UNI,256
BLACKRIDGEBANK,214
BLUE EAGLE CREDIT UNION,12413
BLUE RIDGE BANK,17606
BLUERIDGE BANK,10157
BMI FEDERAL CREDIT UNION,921
BMO HARRIS BANK N.A.,36874
BNC NATIONAL BANK,348423
"BNY MELLON, N.A.",65895
BOEING HELICOPTERS C U,1807
BOFI FEDERAL BANK,64356
BOKF NA,62765
"BOND STREET MORTGAGE, LLC",192
BOULEVARD BANK,300
BRANCH BANKING AND TRUST CO,9637605
BRAND MORTGAGE GROUP LLC,168911
BRIDGEVIEW BANK MORTGAGE COMPA,147345
"BROKER SOLUTIONS, INC.",245271
BRONCO FEDERAL CREDIT UNION,24656
BUCKS FIRST FCU,76
BULLLDOG FEDERA CREDIT UNION,1400
BURKE & HERBERT BANK & TRUST,259552
C&F MORTGAGE CORP,1826365
"C.U. MORTGAGE SERVICES, INC.",277
"CADENCE BANK, N.A.",99
CALHOUN COUNTY BANK,1662
CALIBER FUNDING LLC,1400418
CALIBER HOME LOANS,971422
CALL FEDERAL CREDIT UNION,56007
CALVIN B TAYLOR BANKING CO,7091
CAMC FEDERAL CREDIT UNION,10823
CAPE BANK,2715
CAPITAL BANK,1084916
CAPITAL BANK N.A.,1139
CAPITAL BANK OF NEW JERSEY,1031
CAPITAL CENTER LLC,1444269
CAPITAL ONE NA,1600338
CAPON VALLEY BANK,18116
CARDINAL BANK,4602
CARDINAL FINANCIAL COMPANY,352732
CAROLINA BANK,685992
"CAROLINA FARM CREDIT, ACA",2814
CAROLINA PREMIER BANK,466
CARRINGTON MORTGAGE SERVICES,520995
CARROLL COMMUNITY BANK,12304
CARROLLTON BANK,353793
CARTER BANK & TRUST,41739
CARTER FEDERAL CREDIT UNION,773
"CASHCALL, INC",14781
CASTLE MORTGAGE CORPORATION,1514
CBC NATIONAL BANK,161094
CDC FEDERAL CREDIT UNION,745
CECIL BANK,14725
CEDAR POINT FEDERAL CREDIT UNI,67357
CELCO FEDERAL CREDIT UNION,6751
CELTIC BANK CORP,3870
CENT MTG CO DBA CENTURY LEND,1185703
CENTENNIAL BANK,594
"CENTENNIAL LENDING GROUP, LLC",2192
CENTRA BANK INC (WV),22131
CENTRAL BANK OF ST. LOUIS,2547
CENTRAL TRUST BANK,883
CENTRAL VIRGINIA BANK,3062
CENTRAL VIRGINIA FCU,6148
"CERTUSBANK, N.A.",119107
CFBANK,228
CFG COMMUNITY BANK,749
"CHAIN BRIDGE BANK, N.A.",81856
CHARLES SCHWAB BANK,131464
CHARTERBANK,400
CHARTWAY FEDERAL CREDIT UNION,87816
CHEMUNG CANAL TRUST CO,524
"CHERRY CREEK MORTGAGE CO., INC",26247
CHESAPEAKE BANK,130362
CHESAPEAKE BANK OF MARYLAND,46364
CHESSIE FEDERAL CREDIT UNION,43743
CHESTERFIELD FEDERAL CREDIT UN,3985
CHEVRON FEDERAL CREDIT UNION,19821
CHICAGO BANCORP,6901
CHICAGO MORTGAGE SOLUTIONS,400511
"CHRISTENSEN FINANCIAL, INC.",36365
CHRISTIAN COMMUNITY CREDIT UNI,570
CHURCHILL MORTGAGE CORPORATION,134906
"CIS FINANCIAL SERVICES, INC.",5609
CITADEL FEDERAL CREDIT UNION,8757
"CITIBANK, N.A.",5550310
"CITIMORTGAGE, INC",1032
CITIZENS & FARMERS BANK,75628
CITIZENS BANK,568
CITIZENS BANK & TRUST CO.,12606
CITIZENS BANK OF PENNSYLVANIA,596
"CITIZENS BANK, N.A.",2728
CITIZENS DEPOSIT BANK,19649
CITIZENS NATIONAL BANK,2769
CITIZENS NB OF PAINTSVILLE,1287
CITY NATIONAL BANK OF WV,575757
CITYWORTH MORTGAGE LLC,43534
CLAY COUNTY BANK,11155
CLEAR MOUNTAIN BANK,186914
"CLEARPOINT FUNDING, INC.",244895
CLEARVIEW FEDERAL CREDIT UNION,2531
"CMC FUNDING, INC.",6062
"CMCO MORTGAGE, LLC DBA HOME LE",10699
"CMG FINANCIAL, INC",338374
CNB,25811
CNB BANK,831
CNB BANK INC.,43758
CNB MORTGAGE COMPANY,1384
COASTAL FEDERAL CREDIT UNION,10537
COLE TAYLOR BANK,318683
COLOMBO BANK,64858
COLONIAL FARM CREDIT ACA,117240
COLONIAL MORTGAGE COMPANY LLC,268
"COLONIAL SAVINGS, F.A.",185506
COLONIAL VIRGNIA BANK,2615
COLORADO FEDERAL SAVINGS BANK,289734
COMERICA BANK,1694
COMMERCIAL BANK,3465
COMMONWEALTH ONE FCU,41413
COMMUNITY BANK,7137
COMMUNITY BANK OAK PARK RIVER,255
COMMUNITY BANK OF PARKERSBURG,45800
COMMUNITY BANK OF TRI-COUNTY,89070
COMMUNITY FIRST BANK,691
COMMUNITY FIRST CREDIT UNION,860
COMMUNITY FIRST CU OF FL,696
COMMUNITY FIRST NATIONAL BANK,439
COMMUNITY POWERED FCU,6640
COMMUNITY TRUST BANK,1166
"COMMUNITY TRUST BANK, INC.",25493
COMPASS BANK,4325
COMSTAR FEDERAL CREDIT UNION,61686
CONESTOGA BANK,42
CONGRESSIONAL BANK,195263
CONGRESSIONAL FEDERAL CREDIT U,86504
CONNECTS FEDERAL CREDIT UNION,643
CONSTELLATION FCU,46355
CONTINENTAL BANK,5322
CONTINENTAL HOME LOANS INC.,5092
CORNERSTONE FEDERAL CREDIT UNI,202
CORNERSTONE MORTGAGE COMPANY,31531
CORNERSTONE NATIONAL BANK & TR,999
CORNING FEDERAL CREDIT UNION,4002
CORPORATE AMERICA FAMILY CU,9851
CORPORATE INVESTORS MORTGAGE,1239
"CORRIDOR MORTGAGE GROUP, INC",986363
CORRIDOR MTG CO LLC,2168
COUNTRYSIDE FED CREDIT UNION,1406
COUNTY BANK,4135
COUNTY FIRST BANK,207
COUNTY SAVINGS BANK,232
CREDIT UNION MORTGAGE ASSOC.,1183996
CREDIT UNION OF NEW JERSEY,398
CRESCENT MORTGAGE COMPANY,192069
CRESCOM BANK,440
CROSS RIVER BANK,1416
CROSSCOUNTRY MORTGAGE INC,279028
CROSSLINE CAPITAL INC.,22843
"CU COMMUNITY, LLC",278
CUSTOMERS BANK,62765
DAMASCUS COMMUNITY BANK,18327
DB PRIVATE WEATH MORTGAGE LTD.,13216
DC TEACHERS FCU,200
DEDICATED COMMUNITY BANK,61
DEERE EMPLOYEES CREDIT UNION,554
DEL-ONE FCU,53032
DELAWARE STATE POLICE FEDERAL,5954
DELTA COMMUNITY CREDIT UNION,4067
DEPARTMENT OF COMMERCE FCU,57032
DEPARTMENT OF THE INTERIOR FCU,1372
DEPT OF LABOR FCU,114
DESCO FEDERAL CREDIT UNION,6633
DESERET FIRST CREDIT UNION,906
DESTINATIONS CREDIT UNION,1809
DEVON BANK,2262
DEXSTA FEDERAL CREDIT UNION,10718
DHI MORTGAGE COMPANY LIMITED,341125
DIAMOND CREDIT UNION,68
DIGITAL FEDERAL CREDIT UNION,49345
DIME BANK,167
DIRECTORS FINANCIAL GROUP,12196
DISCOVER BANK,1049
"DISCOVER HOME LOANS, INC",206283
"DISCOVER HOME LOANS, INC.",368290
"DNB FIRST, NA",1766
"DOLLAR BANK, FSB",64676
DOMINION CREDIT UNION,39713
DOOLIN SECURITY SAVINGS BANK,2412
DOVER FEDERAL CREDIT UNION,15639
DRAGAS MORTGAGE COMPANY,117805
DUBUQUE BANK & TRUST CO.,42594
DUPACO COMMUNITY CREDIT UNION,335
DUPONT COMMUNITY CREDIT UNION,194475
DVA FEDERAL CREDIT UNION,2247
"E MORTGAGE MANAGEMENT, LLC",410226
E*TRADE SAVINGS BANK,25081
EAGLE BANK AND TRUST COMPANY O,263
EAGLE ONE FEDERAL CREDIT UNION,1011
EAGLEBANK,2476456
"EASTERN SAVINGS BANK, FSB",885
EASTMAN CREDIT UNION,78788
"ECOM MORTGAGE, INC.",598
EDUCATIONAL SYSTEMS FCU,18477
"EDWARD JONES MORTGAGE, LLC",13040
"EMBRACE HOME LOANS, INC.",3827440
EMERY FEDERAL CREDIT UNION,9887
"EMIGRANT MORTGAGE COMPANY, INC",417
ENDURA FINANCIAL FCU,224
ENERGY FEDERAL CREDIT UNION,4348
ENERGY ONE FEDERAL CREDIT UNIO,106
ENTERPRISE BANK AND TRUST,1292
ENTRUST FINANCIAL CREDIT UNION,177
"ENVOY MORTGAGE, LTD.",235652
EP FEDERAL CREDIT UNION,570
EQUITY LOANS LLC,150224
EQUITY RESOURCES INC,197413
ESSEX BANK,61806
EVB,17892
EVERBANK,2199745
EVERENCE FEDERAL CREDIT UNION,660
EVERETT FINANCIAL INC,101542
EVOLVE BANK & TRUST,195268
"EXCEL MORTGAGE SERVICING, INC",42039
"EXTRACO BANKS, N.A.",228
F & M BANK AND TRUST CO,683
F&B ACQUISITION GROUP,238
F&M BANK,555
FAIRFAX COUNTY FEDERAL CU,372
FAIRFIELD COUNTY BANK,876
FAIRMONT FEDERAL CREDIT UNION,66640
FAIRMOUNT BANK,10211
FAIRWAY ASSET CORPORATION,77907
FAIRWAY INDEPENDENT MORT. CORP,828404
"FARM CREDIT OF THE VIRGINIAS,",303107
FARM CREDIT SERVICES OF MIDAM,5299
FARMERS & MERCHANTS BANK,216592
FARMERS & MRCH BK OF CRAIG CTY,9058
FARMERS AND MERCHANTS BANK,46272
FARMERS AND MINERS BANK,8865
FARMERS BANK,8050
FARMERS BANK AND TRUST,53235
FARMERS BANK AND TRUST NA,100253
FARMERS INSURANCE GROUP FCU,295
FARMERS NATIONAL BANK,175
FAYETTE COUNTY NATIONAL BANK,5699
FBC MORTGAGE LLC,20994
FEARON FINANCIAL LLC,28994
FEDCHOICE FEDERAL CREDIT UNION,7974
FEDFINANCIAL FCU,469
FIDELITY BANK,1103096
FIDELITY COOPERATIVE BANK,369
FIELDPOINT PRIVATE BANK & TRUS,700
FIFTH THIRD BANK,38318
FIFTH THIRD MORTGAGE COMPANY,3790954
FINANCIAL FEDERAL BANK,531
FINANCIAL PARTNERS CU,737
FINANCIAL RESOURCES FCU,933
FINEMARK NATIONAL BANK & TRUST,847
FIRST ALLIANCE HOME MORTGAGE,3006
FIRST AMERICAN BANK,180
FIRST AMERICAN MORTGAGE TRUST,1426
FIRST AND CITIZENS BANK,6502
FIRST ATLANTIC FCU,2036
FIRST BANK,79757
FIRST BANK & TRUST,333
FIRST BANK AND TRUST COMPANY,252321
FIRST BANK OF CHARLESTON,11043
FIRST BANK OF GEORGIA,1714
FIRST BANK OF OWASSO,25
FIRST BEXLEY BANK,100
FIRST CAPITAL BANK,141412
FIRST CENTURY BANK,16864
"FIRST CENTURY BANK, N.A.",37620
FIRST CHOICE AMERICA CMTY FCU,13073
FIRST CHOICE BANK,67422
FIRST CHOICE LOAN SERVICES INC,404752
FIRST COMMERCE CREDIT UNION,358
FIRST COMMONWEALTH HOME MTGE,240
FIRST COMMUNITY BANK,152598
FIRST COMMUNITY BANK OF MERCER,2540
FIRST COMMUNITY MORTGAGE,160043
FIRST COMMUNITY NATIONAL BANK,648
FIRST EAGLE FEDERAL CU,568
FIRST EQUITY MORTGAGE INC,99011
FIRST EXCHANGE BANK,25359
FIRST FEDERAL BANK,97974
FIRST FEDERAL BANK OF FLORIDA,3278
"FIRST FEDERAL BANK, FSB",62547
FIRST FEDERAL OF LAKEWOOD,2082
FIRST FEDERAL S&L ASSOCIATION,62656
FIRST FEDERAL SAVINGS BANK,78
FIRST FEDERAL SVG BANK BOSTON,306
FIRST FINANCIAL BANK,1515
FIRST FINANCIAL BANK NA,397
FIRST FINANCIAL OF MD CU,80056
"FIRST FINANCIAL SERVICES, INC.",399309
FIRST FLORIDA BANK,603
FIRST GUARANTY MORTGAGE CORP,533452
"FIRST HERITAGE MORTGAGE, LLC",2368595
FIRST HOME MORTGAGE,7184886
"FIRST HOPE BANK, A NATIONAL BA",444
"FIRST HOPE MORTGAGES, INC",312
FIRST INTERNET BANK OF INDIANA,107304
FIRST LIBERTY FINANCIAL MORTGA,24666
FIRST MERCHANTS BANK NA,210
FIRST NATIONAL BANK,15387
FIRST NATIONAL BANK OF AMERICA,4428
FIRST NATIONAL BANK OF LAYTON,126354
FIRST NATIONAL BANK OF OMAHA,622
FIRST NATIONAL BANK OF PA,104438
FIRST NATIONAL BANK OF STLOUIS,1010
FIRST NATIONAL BANK SALLISAW,150
FIRST NATIONAL BANK TEXAS,821
FIRST NB OF MUSKOGEE,38
FIRST NBC BANK,590
FIRST NEIGHBORHOOD BANK,12513
FIRST NEW ENGLAND FEDERAL C.U.,180
FIRST NEW MEXICO BANK,338
FIRST NIAGARA BANK,2453
FIRST NORTHERN BANK AND TRUST,148
"FIRST OHIO HOME FINANCE, INC",1651
"FIRST OPTION MORTGAGE, LLC",2381
FIRST PEOPLES BANK,4030
FIRST PEOPLES COMMUNITY FEDERA,108245
FIRST PLACE BANK,704412
FIRST PRIORITY FCU,9459
FIRST PRIORITY FINANCIAL INC,1153
FIRST REPUBLIC BANK,35821
FIRST SAVINGS BANK OF PERKASIE,524
FIRST SAVINGS MORTGAGE CORPORA,6179717
FIRST SECURITY BANK,838
FIRST SENTRY BANK,19010
FIRST SHORE FEDERAL S&L ASSOC,21856
FIRST STATE BANK,1109
FIRST STATE BANK OF ILLINOIS,250
FIRST STATE BANK OF ST CHARLES,3344
FIRST STATE FINANCIAL,252
FIRST TECHNOLOGY FED CU,15667
FIRST TENNESSEE BANK NA,48474
FIRST UNITED BANK & TRUST,123564
FIRST UNITED BANK AND TRUST CO,596
FIRST VIRGINIA COMMUNITY BANK,51506
FIRST-CITIZENS BANK & TRUST CO,193369
FIRSTBANK,93678
FIRSTENERGY CHOICE FCU,293
"FIRSTKEY MORTGAGE, LLC",2223
FIRSTMERIT BANK NA,808
FIRSTRUST,9864
FLAGSTAR BANK,3674594
"FM LENDING SERVICES, LLC",1496823
FME FEDERAL CREDIT UNION,174
"FNB BANK, INC.",11777
FNB OF MCMINNVILLE,450
FNCB,339
FOREST COMMERCIAL BANK,230
FORT BILLINGS FCU,233
FORT LEE FEDERAL CREDIT UNION,5831
FORT SILL NATIONAL BANK,802
FOSTER BANK,1677
FOUNDATION BANK,598
FOUNDATION FIRST BANK,653
FOUNDATION MORTGAGE CORPORATIO,1405
FOX CHASE BANK,767
FRANKLIN AMERICAN MORTGAGE CO,1129144
FRANKLIN BANK,260
FRANKLIN BANK & TRUST COMPANY,231
"FRANKLIN COMMUNITY BANK, N.A.",6900
"FRANKLIN FEDERAL MTG CTR, LLC",1052
FRANKLIN FEDERAL SAVINGS BANK,11507
"FRANKLIN FIRST FINANCIAL, LTD.",29581
FRANKLIN MINT FEDERAL CU,19305
FRANKLIN TEMPLETON BK & TRUST,300
FRATERNITY FS&LA,51767
FRB FEDERRAL CREDIT UNION,897
FREDERICK COUNTY BANK,23034
FREEDOM CREDIT UNION,803
FREEDOM FEDERAL CREDIT UNION,9357
FREEDOM FIRST CREDIT UNION,135125
FREEDOM MORTGAGE CORPORATION,2840405
FRONT ROYAL FCU,390
FRONTIER COMMUNITY BANK,4783
"FSGBANK, N.A.",209
FULTON BANK OF NEW JERSEY,896
"FULTON BANK, N.A.",992854
FUNDING RESOURCES MORTGAGE CO,2849
GATEWAY BANK MORTGAGE INC.,236343
"GATEWAY FUNDING DMS, LP",393614
GATEWAY METRO FED CREDIT UNION,613
GATEWAY MORTGAGE GROUP LLC,32762
GEEFCU,1606
GEICO FEDERAL CREDIT UNION,15219
"GENEQUITY MORTGAGE, INC",1782
GENERAL MILLS FCU,425
GENERATION MORTGAGE COMPANY,120688
"GEO-CORP, INC.",118624
GEORGE MASON MORTGAGE LLC,10247308
GEORGIA BANKING COMPANY,33816
GEORGIA COMMERCE BANK,558
GFCU,150
GIBRALTAR PRIVATE B&TC,252
"GILPIN FINANCIAL SERVICES, INC",77111
GLACIER BANK,60
GLADEWATER NATIONAL BANK,14077
GLEN BURNIE MUTUAL SAVINGS BNK,22742
"GMAC MORTGAGE, LLC",1132
"GMFS, LLC",1405
GMH MORTGAGE SERVICES LLC,77331
"GMS FUNDING, LLC",834
GOLD COAST BANK,2697
GOLD STAR MORTGAGE FINANCIAL,54298
GOLDEN PACIFIC BANK NA,410
GOLDMAN SACHS BANK USA,75536
"GOLDWATER BANK, N.A.",6589
GRAND BANK NA,102435
GREAT LAKES CREDIT UNION,2075
GREAT PLAINS NATIONAL BANK,78336
GREAT SOUTHERN BANK,260
"GREEN PLANET SERVICING, LLC",8675
"GREENCHOICE BANK, FSB",2992
GREENLIGHT FINANCIAL SERVICES,211199
"GREENTREE MORTGAGE CO., L.P.",3110
GRUNDY NATIONAL BANK,2729
"GSB MORTGAGE, INC.",776
GSF MORTGAGE CORPORATION,116225
GUARANTEED HOME MORTGAGE COMPA,68801
GUARANTEED RATE INC,475896
"GUARANTY BANK, FSB",35380
GUARANTY TRUST COMPANY,251727
GUARDHILL FINANCIAL CORP.,20267
"GUARDIAN SAVINGS BANK, FSB",390
"GUIDANCE RESIDENTIAL, LLC",118596
GUILD MORTGAGE COMPANY,39447
HAMILTON BANK,20483
HAMILTON GROUP FUNDING,22717
HAMILTON NATIONAL MORTGAGE COM,163505
HANCOCK CTY SVG BK FSB,85168
HANSCOM FED CREDIT UNION,23815
HAR-CO MARYLAND FCU,70598
HARBOR NATIONAL BANK,2497
HARFORD BANK,10453
HARTFORD FUNDING LTD.,6913
HARVEST COMMUNITY BANK,760
HEALTHCARE ASSOC. CREDIT UNION,380
HEARTLAND BANK,11854
HEBRON SAVINGS BANK,25069
HENRICO FEDERAL CREDIT UNION,15528
HERITAGE BANK,1145
HERITAGE BANK OF CENTRAL IL,548
HERITAGEBANK OF THE SOUTH,2268
HIGHLANDS RESIDENTIAL MORTGAGE,81231
HIGHLANDS UNION BANK,25711
HIWAY FEDERAL CREDIT UNION,1177
HOME COMMUNITY MORTGAGE LLC,11985
HOME FEDERAL BANK,455
HOME FEDERAL SAVINGS AND LOAN,2230
HOME FINANCE OF AMERICA,50108
"HOME LOAN CENTER, INC.",178750
HOME LOAN INVESTMENT BANK,1570
HOME SAVINGS & TRUST MORTGAGE,729111
HOME SAVINGS AND LOAN,4947
"HOME STATE BANK, N.A.",603
HOMEAMERICAN MORTGAGE CORP,444621
"HOMEOWNERS MORTGAGE ENT., INC",70320
HOMEOWNERS MORTGAGE OF AMERICA,96102
HOMEPROMISE CORPORATION,16199
"HOMESALE LENDING, LLC",2480
"HOMESERVICES LENDING, LLC",51500
HOMESTAR BANK & FINANCIAL SVCS,249
HOMESTEAD FUNDING CORP.,210018
HOMESTEAD MORTGAGE DBA HOMESIT,1899
HOMETOWN BANK,13308
HOMETRUST BANK,714
"HOMEWARD RESIDENTIAL, INC",128235
HOMEWOOD FEDERAL SAVINGS BANK,20089
HOPKINS FEDERAL SAVINGS BANK,8796
HORICON BANK,386
HOUSTON FEDERAL CREDIT UNION,218
HOWARD BANK,237658
"HSBC BANK USA, NA",378645
"HUDSON VALLEY BANK, N.A.",1270
HUNTINGDON VALLEY BANK,1617
HUNTINGTON FEDERAL SAVINGS,49702
IAA CREDIT UNION,467
IAB FINACIAL BANK,892
IBM SOUTHEAST EMPLOYEES FCU,1631
IDAHO INDEPENDENT BANK,135
IDAHO STATE UNIVERSITY FCU,184
IDB-IIC FEDERAL CREDIT UNION,220691
IFREEDOM DIRECT CORPORATION,226224
ILLINOIS NATIONAL BANK,1179
INDEPENDENCE BANK,936
INDUSTRIAL BANK,60665
INFINITY HOME MORTGAGE CO. INC,3606
"ING BANK, FSB / CAPITAL ONE",389985
INLAND BANK & TRUST,3199
INLAND HOME MORTGAGE COMPANY,1021
INOVA FEDERAL CREDIT UNION,331
INTEGRATED FINANCIAL GROUP INC,35352
INTEGRITY BANK,1617
INTEGRITY FIRST FINANCIAL GROU,31041
INTEGRITY HOME MORTGAGE CORP,775019
INTERCOASTAL MORTGAGE COMPANY,2406507
INTOUCH CREDIT UNION,11234
INVESTORS BANK,12333
ISB HOME MORTGAGE LLC,1465
ISERVE RESIDENTIAL LENDING LLC,9042
JAMES B. NUTTER & CO.,138517
JARRETTSVILLE FEDERAL S&L,26470
JEFFERSON FEDERAL BANK,164
JEFFERSON SECURITY BANK,17924
"JMAC LENDING, INC.",1188
JOHN MARSHALL BANK,7288
JOHNS HOPKINS FEDERAL CREDIT U,81756
JOHNSON CITY FEDERAL CREDIT UN,80
"JOHNSON MORTGAGE COMPANY, LLC",135510
"JPMORGAN CHASE BANK, NA",9921005
JUSTICE FEDERAL CREDIT UNION,60833
K. HOVNANIAN AMERICAN MORTGAGE,544323
KANSAS STATE BANK OF MANHATTAN,115669
KELCO FEDERAL CREDIT UNION,5186
KEMBA FINANCIAL CREDIT UNION,338
KEMBA ROANOKE FCU,299
KENTUCKY FARMERS BANK CORP.,217
KEYBANK NATIONAL ASSOCIATION,4771
KEYSTONE FEDERAL CREDIT UNION,130
KINECTA FEDERAL CREDIT UNION,31826
KINGSPORT PRESS CREDIT UNION,1516
KONDAUR CAPITAL CORPORATION,815
KOPERNIK FEDERAL BANK,5626
KWIK MORTGAGE CORPORATION,2155
LAFAYETTE FEDERAL CREDIT UNION,125375
LAKE CITY BANK,545
LAKE FOREST BANK & TRUST CO,393
"LAKEVIEW LOAN SERVICING, LLC",19289
LAND/HOME FINANCIAL SERVICES,11867
LANDMARK BANK,125
LANDMARK NATIONAL BANK,3275
LANGLEY FEDERAL CREDIT UNION,245593
LEADER BANK,12976
LEADERONE FINANCIAL CORPORATIO,13987
LEE BANK & TRUST COMPANY,5779
LEHIGH VALLEY EDUCATORS CU,110
LEND SMART MORTGAGE,2251
LENOX FINANCIAL MORTGAGE CORP,170159
LEVEL ONE BANK,894
LIBERTY BANK AND TRUST COMPANY,1924
LIBERTY BK OF MD,9672
"LIBERTY HOME EQUITY SOLUTIONS,",68155
"LIBERTY SAVINGS BANK, FSB",1331
LIBRARY OF CONGRESS FCU,32701
LINCOLN MORTGAGE COMPANY,2734
"LINEAR FINANCIAL, LP",11072
"LOAN SIMPLE, INC.",3919
"LOANDEPOT.COM, LLC",2061388
LOCAL GOV'T FEDERAL C U,966
LOGAN BANK & TRUST COMPANY,18401
LOGIX FEDERAL CREDIT UNION,13404
LORAIN NATIONAL BANK,546
LOS ANGELES POLICE FCU,627
LOUVIERS FEDERAL CREDIT UNION,10064
LOWELL COOPERATIVE BANK,11543
LSI MORTGAGE PLUS,97116
M&T BANK,2157112
M/I FINANCIAL CORP.,179965
MACKINAC SAVINGS BANK FSB,1560
MADISON BANK OF MARYLAND,29284
MADISON SQUARE F.S.B.,18781
MAGNOLIA BANK,43950
MAGNOLIA STATE BANK,200
MAIN STREET BANK,42167
MAIN STREET HOME LOANS LLC,3249
MAINSOURCE BANK,600
MAINSTREET BANK,7138
MALVERN FEDERAL SAVINGS BANK,523
MARINE FEDERAL CREDIT UNION,2487
MARION CENTER BANK,530
MARKET USA FEDERAL CREDIT UNIO,988
MARRIOTT EMPLOYEES' FCU,6859
MARTINSVILLE DUPONT CU,12705
MASON MCDUFFIE MORTGAGE CORP,119904
MASSMUTUAL FEDERAL CREDIT UNIO,200
MAVERICK FUNDING CORP,262802
MB FINANCIAL BANK NA,100907
"MCGLONE MORTGAGE COMPANY, INC.",10942
MCGRAW-HILL FEDERAL CREDIT UNI,195
MCLEAN MORTGAGE CORPORATION,3668587
MCNB BANK AND TRUST CO,7738
"MCS MORTGAGE BANKERS, INC",298
"MDE HOME LOANS, LLC",8704
MEADOWBROOK FINANCIAL MORTGAGE,11939
MECU,2149
MEDIA MEMBERS FCU,354
MEGACHANGE MORTGAGE,27827336
MEMBER ADVANTAGE MORTGAGE LLC,93004
"MEMBER FIRST MORTGAGE, LLC",641
MEMBER ONE FCU,58028
MEMBERS 1ST FCU,234
MEMBERS CHOICE CREDIT UNION,250
MEMBERS CHOICE WV FCU,2724
MERCANTILE BANK MTG CO LLC,626
MERCK EMPLOYEES FEDERAL CU,4896
MERIDIAN BANK,311151
MERIDIAN RESIDENTIAL CAPITAL,2821
"METLIFE BANK, N.A.",393858
METRO BANK,705
METRO CITY BANK,13803
"MICHIGAN MUTUAL, INC. D/B/A FI",438293
MID AMERICA MORTGAGE,79951
MID PENN BANK,1000
MID-ATLANTIC FEDERAL CREDIT UN,26716
MID-ISLAND MORTGAGE CORP.,85184
MIDATLANTIC FARM CREDIT,293552
MIDCOAST COMMUNITY BANK,4213
MIDCOUNTRY BANK,1606
MIDDLEBURG BANK,60940
MIDDLETOWN VALLEY BANK,16090
MIDFIRST BANK,184
MIDLAND MORTGAGE CORPORATION,9854
MIDSTATE COMMUNITY BANK,26535
MIDWEST BANKCENTRE,2332
MIDWEST COMMUNITY BANK,1048
MIDWEST LOAN SERVICES INC,18072
MIDWESTONE BANK,1300
"MILEND, INC",204379
"MILITARY FAMILY HOME LOANS, LL",188314
MILLENNIUM BANK,747
MILLENNIUM BANK. N.A.,75
"MILLENNIUM FINANCIAL GROUP, IN",254543
MINERS EXCHANGE BANK,6435
MIT FCU,1628
"MMS MORTGAGE SERVICES, LTD",304
MONARCH BANK,5092609
MONARCH COMMUNITY BANK,383
MONUMENT BANK,42714
MORGAN STANLEY PRIVATE BANK NA,851006
"MORTGAGE AMERICA, INC.",82264
MORTGAGE ASSURANCE INC.,45779
MORTGAGE CAPITAL ASSOCIATES,70585
"MORTGAGE CAPITAL PARTNERS, INC",14197
"MORTGAGE ENTERPRISE, LTD.",245
MORTGAGE INVESTORS CORP,1116794
MORTGAGE LENDERS OF AMERICA,172224
MORTGAGE MASTER,446382
"MORTGAGE MASTER, INC.",373265
MORTGAGE NETWORK,484759
MORTGAGE RESEARCH CENTER,1004493
"MORTGAGE SERVICES III, L.L.C.",660812
MORTGAGE SOLUTIONS OF COLORADO,23715
MOTION FEDERAL CREDIT UNION,681
MOUNTAIN COMMERCE BANK,212
MUNICIPAL EMPLOYEES CREDIT UNI,62462
MUTUAL OF OMAHA BANK,8506
MVB BANK INC,314647
MVB MORTGAGE,608794
MWABANK,2354
"MYCUMORTGAGE, LLC",3910
MYERS PARK MORTGAGE,153229
N A NATIONWIDE MORTGAGE,3296
NAE FEDERAL CREDIT UNION,1682
NAPUS FEDERAL CREDIT UNION,5216
NARFE PREMIER FEDERAL CU,483
NASA FEDERAL CREDIT UNION,429770
NATIONAL BANK OF ARKANSAS,471
NATIONAL BANK OF BLACKSBURG T/,70407
NATIONAL BANK OF KANSAS CITY,685894
NATIONAL INSTITUTES OF HEALTH,362460
NATIONAL PENN BANK,4348
"NATIONS DIRECT MORTGAGE, LLC",74661
NATIONS LENDING CORPORATION,243880
NATIONSTAR MORTGAGE LLC,2054307
NATIONWIDE ADVANTAGE MORTGAGE,98535
NATIONWIDE BANK,28517
NATIONWIDE EQUITIES CORP.,14462
NAVY ARMY COMMUNITY CU,378
NBRS FINANCIAL BANK,3492
"NCB, FSB",94339
NETWORK CAPITAL FUNDING CORP,783726
NETWORK FUNDING LP,40766
NEW AMERICA FNCL,479190
"NEW AMERICAN MORTGAGE, LLC",2241295
NEW CUMBERLAND FEDERAL CREDIT,110
"NEW DAY FINANCIAL, LLC",338362
NEW GENERATIONS FCU,2541
NEW HORIZON BANK NA,4063
NEW PENN FINANCIAL,2138847
"NEW PEOPLES BANK, INC.",54091
NEW REPUBLIC SAVINGS BANK,257
NEW TRIPOLI BANK,120
NEW WINDSOR STATE BANK,20150
NEW YORK COMMUNITY BANK,813
NEWBRIDGE BANK,2164
NEWPORT NEWS MUNICIPAL EMPL CU,2583
NEWTOWNE MORTGAGE LLC,48427
NEXBANK SSB,2077
NFCU,9941444
"NFM, INC.",1032607
NJ LENDERS CORP,1244
NMA FEDERAL CREDIT UNION,1164
NORCOM MORTGAGE,37069
NORTH AMERICAN SAVINGS BANK,701677
NORTH STATE BANK,5531
NORTHCOUNTRY FEDERAL CREDIT UN,184
NORTHERN STAR CREDIT UNION,1248
NORTHPOINTE BANK,36508
NORTHROP GRUMMAN FEDERAL CREDI,37933
NORTHSTAR BANK OF TEXAS,210
NORTHWEST BANK,230
NORTHWEST FEDERAL CREDIT UNION,1013682
NORTHWEST SAVINGS BANK,66591
NOTRE DAME FEDERAL CREDIT UNIO,252
NOVA HOME LOANS,3303
NOVARTIS FCU,441
NRL FEDERAL CREDIT UNION,112967
NSWC FEDERAL CREDIT UNION,15786
NUCOMPASS MORTGAGE SERVICES LL,236
NVR MORTGAGE FINANCE INC,3678969
NYCB MORTGAGE COMPANY LLC,1408764
OAK BANK,118
OAK MORTGAGE COMPANY,2953
OAK VIEW NATIONAL BANK,24007
OAKSTAR BANK,12158
OAKTREE FUNDING CORPORATION,450
OBA BANK,22755
OCEANFIRST BANK,1041
OCEANSIDE MORTGAGE COMPANY,101527
"OCMBC, INC.",3978
OCWEN LOAN SERVICING LLC,42386
ODYSSEY FUNDING LLC,298
OEFCU,423
OHIO VALLEY COMMUNITY CREDIT U,3014
OLD DOMINION NATIONAL BANK,1788
OLD LINE BANK,133367
OLD NATIONAL BANK,203
OLD POINT MORTGAGE LLC,143365
OLD POINT NATIONAL BANK,7753
"OLD VIRGINIA MORTGAGE, INC.",761184
"ON Q FINANCIAL, INC.",6666
ONE COMMUNITY FCU,6873
"ONE REVERSE MORTGAGE, LLC",50726
"ONEMAIN FINANCIAL, INC.",765
"ONEWEST BANK, FSB",116455
ONLINE MORTGAGE GROUP LLC,39426
ORLANDO FEDERAL CREDIT UNION,240
ORRSTOWN BANK,8053
PACIFIC MERCANTILE BANK,28891
PACIFIC TRUST BANK,32532
"PACIFIC UNION FINANCIAL, LLC",616190
PARAGON COMMERCIAL BANK,543
PARAMOUNT EQUITY MORTGAGE,9385
PARAMOUNT RESIDENTIAL MORTGAGE,50113
PARK STERLING BANK,6988
PARK VIEW FEDERAL CREDIT UNION,24247
PARKEBANK,3587
"PARKSIDE LENDING, LLC",5185
PARTNERS 1ST FCU,8693
PARTNERS FINANCIAL FEDERAL C U,13030
PATELCO CREDIT UNION,1074
"PATRIOT BANK MORTGAGE, INC.",3734
PATRIOT COMMUNITY BANK,2561
PATRIOT FEDERAL CREDIT UNION,3550
PENDLETON COMMUNITY BANK,22305
PENN EAST FEDERAL CREDIT UNION,387
PENN LIBERTY BANK,2000
PENNYMAC LOAN SERVICES LLC,260292
PENTAGON FEDERAL CREDIT UNION,3698298
PEOPLES BANK,173687
"PEOPLES BANK, NATIONAL ASSOCIA",96556
PEOPLES COMMUNITY BANK,15805
PEOPLES FEDERAL CREDIT UNION,8248
PEOPLES HOME EQUITY INC,76063
PEOPLES NATIONAL BANK,12431
"PEOPLES NATIONAL BANK, N.A.",200
PEOPLES NEIGHBORHOOD BANK,380
"PEOPLESBANK, A CODORUS VALLEY",16728
"PERL MORTGAGE, INC.",5980
PG COMMUNITY FCU,2323
PHH HOME LOANS,1441611
PHH MORTGAGE CORPORATION,932513
PHILADELPHIA FEDERAL CREDIT UN,941
PHILADELPHIA MORTGAGE ADVISORS,3729
PHOENIXVILLE FEDERAL BANK & TR,184
PIEDMONT ADVANTAGE CU,1604
PIKE CREEK MORTGAGE SERVICES,468611
PINNACLE BANK,260
"PINNACLE MORTGAGE GROUP, INC",6197
PIONEER BANK,10138
PIONEER COMMUNITY BANK,8646
PIONEER WV FCU,54528
PITTSBURGH FIREFIGHTERS FCU,65
PLAINS COMMERCE BANK,532
PLATINUM HOME MORTAGE CORP,13703
"PLATINUM MORTGAGE, INC.",207955
"PLAZA HOME MORTGAGE, INC.",772556
PLEASANTS COUNTY BANK,2644
"PMAC LENDING SERVICES, INC",106023
PNC BANK N.A.,6370945
POINT BREEZE CREDIT UNION,64862
POLARIS HOME FUNDING CORP.,16907
POLI MORTGAGE GROUP INC,11392
POLICE AND FIRE FEDERAL CU,16151
POLICE FEDERAL CREDIT UNION,282
POLONIA BANK,9726
POST OAK BANK,136
POTOMAC MORTGAGE GROUP INC,1456618
POWELL VALLEY NATIONAL BANK,16386
PPL GOLD CREDIT UNION,150
"PREMIA MORTGAGE, LLC",49790
PREMIER AMERICA CREDIT UNION,1540
"PREMIER BANK & TRUST, N.A.",228
PREMIER BANK INC,34456
PREMIER BANK OF JACKSONVILLE,597
PREMIER COMMERCIAL BANK,1314
PREMIER HOME MORTGAGE INC,11350
"PRESIDENTIAL BANK, F.S.B.",3069411
PRIMARY CAPITAL ADVISORS LC,137434
PRIMARY RESIDENTIAL MORTGAGE,990635
PRIME MORTGAGE LENDING INC.,62118
PRIMELENDING,2775282
PRINCE GEORGE'S FEDERAL SAVING,8468
PRINCETON FEDERAL CREDIT UNION,290
PRIORITY MORTGAGE CORP.,9303
PRIVATE BANK OF BUCKHEAD,385
PROFICIO BANK,314369
PROGRESSIVE BANK NA,8467
PROPONENT FEDERAL CREDIT UNION,1843
PROSPECT MORTGAGE LLC,678387
PROSPERITY MORTGAGE COMPANY,3976195
PROVIDENT BANK,410
PROVIDENT FUNDING ASSOCIATES,1902325
PROVIDENT FUNDING GROUP INC,855577
PULASKI BANK,11803
PULTE MORTGAGE LLC,678757
PURDUE FEDERAL CREDIT UNION,5907
PUTNAM COUNTY BANK,117087
QUAD CITY BANK AND TRUST,762
QUEENSBOROUGH NB&TC,626
QUEENSTOWN BANK OF MARYLAND,45823
QUICKEN LOANS,16646998
QUORUM FEDERAL CREDIT UNION,14101
R M K FINANCIAL CORP,55728
RANCHO FEDERAL CREDIT UNION,491
"RANLIFE, INC.",14936
"RATE ONE INC., THE MORTGAGE PE",2071
RAYMOND JAMES BANK N.A.,12028
"RAYMOND JAMES BANK, NA",15953
"RBC BANK (GEORGIA), N.A.",4064
"RBS CITIZENS, N.A.",660863
READLYN SAVINGS BANK,133
REAL ESTATE MORTGAGE NETWORK,1540574
"REALTY HOME MORTGAGE CO., LLC",280044
RED RIVER EMPLOYEES FCU,204
REGAL BANK & TRUST,5973
REGENT BANK,130
REGIONS BANK,63060
RELIANCE FIRST CAPITAL LLC,120913
RELIANT BANK,11531
RENASANT BANK,1292
REPUBLIC BANK AND TRUST,826
REPUBLIC MORTGAGE HOME LOANS,1715
RESIDENTIAL FINANCE CORP,270061
RESIDENTIAL HOME FUNDING,47231
RESIDENTIAL MORTGAGE CORP,488
RESIDENTIAL MORTGAGE SERVICES,46822
"RESMAC, INC",49913
RESOURCE FINANCIAL SERVICES,2756
REVERE BANK,69162
REVERSE MORTGAGE FUNDING LLC,2245
"REVERSE MORTGAGE SOLUTIONS, IN",20956
"REVERSE MORTGAGE USA, INC.",2167
RICHMOND POSTAL CREDIT UNION I,60
RIVERFRONT FEDERAL CREDIT UNIO,119
RIVERVIEW CREDIT UNION,109
RMC MORTGAGE CORPORATION,130753
RMC VANGUARD MORTGAGE CORP,32018
ROANOKE POSTAL EMPLOYEES' FCU,3163
ROCK BRANCH COMMUNITY BANK,9891
ROCKVILLE BANK,1107
ROSEDALE FEDERAL SAV & LOAN,94181
ROUNDPOINT MORTGAGE COMPANY,1180863
ROYAL UNITED MORTGAGE LLC,60003
RUSHMORE LOAN MANAGEMENT SRV,5961
RUTGERS FCU,200
RYLAND MORTGAGE COMPANY,157307
S&T BANK,157
SABADELL UNITED BANK NA,1500
SABINE STATE BANK & TRUST CO,432
SALEM VAMC FEDERAL CU,936
SANDY SPRING BANK,1350745
SB1 FEDERAL CREDIT UNION,3109
SC TELCO FCU,808
SCBT,33552
SCIENT FEDERAL CREDIT UNION,550
SECURITY FEDERAL BANK,85
SECURITY FIRST BANK OF ND,208
SECURITY ONE LENDING,131055
SECURITYNATIONAL MORTGAGE COMP,1435
SECURITYPLUS FCU,18545
SELECT BANK,14034
SELF HELP CREDIT UNION,188
SELF RELIANCE (NJ) FCU,352
"SEMPER HOME LOANS, INC",23773
SERVICE CREDIT UNION,136
SETTLERS BANK,2476
"SEVERN SAVINGS BANK, FSB",379944
SHAMROCK FINANCIAL CORPORATION,244
SHARE PLUS FEDERAL BANK,126
SHAREPLUS BANK,140
SHARONVIEW FEDERAL CREDIT UNIO,2841
"SHELTER MORTGAGE COMPANY, LLC",87609
SHORE BANK,7530
"SIDUS FINANCIAL, LLC",566
SIERRA PACIFIC MORTGAGE,1180693
SIGNAL FINANCIAL FEDERAL CU,57577
SILICON VALLEY BANK,17946
SIMONTOWNE MORTGAGE LLC,14616
"SIRVA MORTGAGE, INC",106411
SKYONE FEDERAL CREDIT UNION,848
SLAVIE FEDERAL SAVINGS BANK,14709
SOMERSET TRUST COMPANY,1398
"SONABANK, A STATE CHARTERED BA",4554
SOUTH CENTRAL ILLINOIS MTG. LL,248
SOUTHCREST BANK,775
SOUTHEAST FINANCIAL CU,31
SOUTHERN BANK AND TRUST COMPAN,28733
SOUTHERN COMMUNITY BANK AND TR,321
SOUTHERN TRUST MORTGAGE LLC,1597922
SOUTHWEST AIRLINES FEDERAL CRE,64
SOUTHWEST BANK,857
SOUTHWEST STAGE FUNDING LLC,9525
SOVEREIGN BANK N.A.,260713
"SPECTRA FUNDING, INC.",80086
SPERRY ASSOCIATES FCU,1506
ST AGNES EMPLOYEES FCU,2795
ST CASIMIRS SAVINGS BANK,6706
ST. PIUS X CHURCH FEDERAL CU,161
STANDARD BANK PASB,26261
STANDARD REGISTER FCU,55
STANFORD FEDERAL CREDIT UNION,1778
STAR ONE CREDIT UNION,5625
STAR USA FEDERAL CREDIT UNION,32520
STATE BANK OF SOUTHWEST MO,790
STATE DEPARTMENT FCU,251699
STATE EMP CREDIT UNION OF MD,1214619
STATE EMPLOYEES' CREDIT UNION,13393
STATE FARM BANK,229635
STEARNS BANK NA,249
STEARNS LENDING,1098065
STELLARONE BANK,620207
STERLING NATIONAL BANK,17766
STIFEL BANK & TRUST,345523
"STILLMAN BANCCORP, N. A.",250
STOCK YARDS BANK & TRUST CO,200
STONEGATE BANK,3000
STONEGATE MORTGAGE CORPORATION,354509
STRIP STEEL COMMUNITY FEDERAL,221
SUBURBAN MORTGAGE CO OF NM,1092
SUMA FEDERAL CREDIT UNION,926
SUMMIT COMMUNITY BANK,66721
"SUMMIT FUNDING, INC.",132619
SUMMIT MORTGAGE CORPORATION,172817
SUMNER BANK & TRUST,334
SUN EAST FEDERAL CREDIT UNION,14386
SUN NATIONAL BANK,3893
"SUN WEST MORTGAGE COMPANY, INC",469318
SUNCOAST SCHOOLS FEDERAL CU,731
"SUNTRUST BANKS, INC",153460
"SUNTRUST MORTGAGE, INC",14380990
SUSQUEHANNA BANK,787225
SUSSEX COUNTY FEDERAL CRED UN,33722
SWBC MORTGAGE CORP,506543
TALMER BANK AND TRUST,185894
TBI MORTGAGE COMPANY,458368
TD BANK N.A.,1109412
TENNESSEE VALLEY FEDERAL CREDI,103
TERRACE MORTGAGE COMPANY,144358
TEXAS BANK FINANCIAL,626
TEXAS TECH FEDERAL CREDIT UNIO,636
THE BANK OF CHARLOTTE COUNTY,16104
THE BANK OF DELMARVA,16437
THE BANK OF FINCASTLE,6078
THE BANK OF GLEN BURNIE,33505
THE BANK OF HAMPTON ROADS,5862
THE BANK OF HENDERSON,300
THE BANK OF HOLLAND,76
THE BANK OF KENTUCKY INC,600
THE BANK OF MAINE,4699
THE BANK OF MARION,32221
THE BANK OF ROMNEY,29028
THE BANK OF SOUTH CAROLINA,1661
THE BANK OF SOUTHSIDE VIRGINIA,8479
THE BARTLETT FARMERS BANK,90
THE BRYN MAWR TRUST COMPANY,19231
THE BUSINESS BANK,3759
THE CITIZENS BANK COMPANY,265
THE CITIZENS NB OF WOODSFIELD,103
THE CITIZENS SAVINGS BANK,5148
THE COLUMBIA BANK,503003
THE DART BANK,498
THE FARMERS AND MECHANICS BANK,406
THE FARMERS BANK OF APPOMATTOX,8522
THE FARMERS BANK OF WILLARDS,11768
THE FARMERS NATIONAL BANK OF E,660
THE FAUQUIER BANK,49400
THE FEDERAL SAVINGS BANK,373854
THE FIDELITY BANK,87
THE FIDELITY DEPOSIT & DISCOUN,1156
THE FIRST NATIONAL BANK OF WYO,23939
THE FIRST STATE BANK,76433
THE FREEDOM BANK OF VIRGINIA,60130
THE GRANT COUNTY BANK,28268
THE HARBOR BANK OF MARYLAND,8814
THE HAVERFORD TRUST COMPANY,1045
THE HUNTINGTON NATIONAL BANK,629372
"THE LITTLE BANK, INC.",576
THE MARS NATIONAL BANK,1186
THE MONEY SOURCE INC,94669
THE MORTGAGE COMPANY,191
"THE MORTGAGE LINK, INC.",75521
THE NATIONAL BANK,1399
THE NATIONAL CAPITAL BANK,63861
THE NORTHERN TRUST COMPANY,45429
THE OHIO VALLEY BANK COMPANY,34574
THE OLD FORT BANKING COMPANY,120
THE PARK NATIONAL BANK,1229
THE PATAPSCO BANK,39759
THE PEOPLES BANK,7653
THE PEOPLES NATIONAL BANK-MT P,35
THE PEOPLES SAVINGS BANK,563
THE POCA VALLEY BANK,54782
THE PRIVATEBANK AND TRUST CO.,2234
THE STATE CREDIT UNION,15916
THE UNITED FEDERAL CREDIT UNIO,14991
THE WASHINGTON SAVINGS BANK,115811
THE WHITE HOUSE FCU,4579
THIRD FEDERAL SAVINGS AND LOAN,188132
THRIVENT FEDERAL CREDIT UNION,4459
THRIVENT FINANCIAL BANK,3273
"TIAA-CREF TRUST COMPANY, FSB",12933
TIB-THE INDEPENDENT BANKERSBAN,138
"TIDEWATER HOME FUNDING, LLC",400882
"TIDEWATER MORT SERVICES, INC.",817495
TOBYHANNA FCU,95
"TOTAL MORTGAGE SERVICE, LLC",105544
TOWER FEDERAL CREDIT UNION,683425
TOWN SQUARE BANK,391
TOWNE MORTGAGE OF THE CAROLINA,285
TOWNEBANK,2362824
TOYOTA FINANCIAL SAVINGS BANK,34378
TRADITIONS BANK,1035
TRANSPORTATION FCU,22350
TREASURY DEPARTMENT FCU,12504
TRI-EMERALD FINANCIAL GROUP,298
TRIDENT MORTGAGE COMPANY LP,310813
TRISTATE CAPITAL BANK,2406
TRISUMMIT BANK,1112
"TRUHOME SOLUTIONS, LLC",2049
TRULIANT FEDERAL CREDIT  UNION,41138
TRUMARK FINANCIAL CREDIT UNION,6889
TRUPOINT BANK,14049
TRUST COMPANY BANK,628
TWO RIVERS BANK AND TRUST,500
TYCO FEDERAL CREDIT UNION,771
TYNDALL FEDERAL CREDIT UNION,3121
"U S WIDE FINANCIAL, LLC",5712
U.S. POSTAL SERVICE FCU,200
"UBS AG, TAMPA BRANCH",92294
"UBS BANK, USA",293412
UKRAINIAN SELFRELIANCE FCU,4152
"UMB BANK, NA",1188
UNFCU,63733
UNION BANK & TRUST CO,320
"UNION BANK, INC.",9587
UNION BUILDING TRADES FCU,125
UNION FEDERAL SAVINGS BANK,452
UNION FIRST MARKET BANK,73442
UNION MORTGAGE GROUP,1626033
UNION NATIONAL MORTGAGE CO.,27932
UNION SAVINGS BANK,3952
UNION STATE BANK,100
UNITED BANK,439
UNITED BANK INC,492991
UNITED BANK VA,253706
UNITED FEDERAL CREDIT UNION,418
UNITED MORTGAGE CORP,22906
UNITED MORTGAGE CORP.,14022
UNITED NORTHERN MORTGAGE BANKE,700
UNITED SE FEDERAL CREDIT UNION,1840
UNITED SECURITY FINANCIAL,299593
UNITED SHORE FINANCIAL SERVICE,1328050
UNITED SOUTHWEST MTG CORP INC,2946
UNITED TELETECH FINANCIAL FCU,276
UNIVERSAL AMERICAN MTG. CO.LLC,625766
UNIVERSAL FCU,9850
UNIVERSAL MORTGAGE & FINANCE,332888
UNIVERSITY ISLAMIC FINANCIAL,34772
UNIVERSITY OF IOWA COMMUNITY C,552
UNIVEST BANK AND TRUST CO.,4750
URBAN FINANCIAL GROUP INC.,33555
URW COMMUNITY FEDERAL CREDIT U,4316
"US BANK, N.A.",2314923
US BK NA ND,213644
US MORTGAGE CORPORATIOIN,24557
USAA FEDERAL SAVINGS BANK,5811123
USALLIANCE FEDERAL CREDIT UNIO,2918
USAMERIBANK,591
UVA COMMUNITY CREDIT UNION,67228
VALLEY BANK,88386
VALLEY NATIONAL BANK,700
VAN DYK MORTGAGE CORPORATION,74184
VANDERBILT MORTGAGE,12812
VANGUARD FUNDING LLC,16044
VANTAGESOUTH BANK,240
"VECTRA BANK COLORADO, NA",285
"VICTORIAN FINANCE, LLC",175304
VIGILANT FEDERAL SAVINGS BANK,830
VILLAGE BANK,6135
VILLAGE BANK MORTGAGE CORP.,684587
VILLAGE CAPITAL & INVESTMENT,55436
VIRGINIA BANK & TRUST,10464
VIRGINIA COMMERCE BANK,395762
VIRGINIA COMMONWEALTH BANK,13405
VIRGINIA COMMUNITY BANK,5122
VIRGINIA COMPANY BANK,1110
"VIRGINIA CREDIT UNION, INC",356321
VIRGINIA HERITAGE BANK,725371
VIRGINIA NATIONAL BANK,11705
VIRGINIA PARTNERS BANK,30262
VIRGINIA SAVINGS BANK,1315
"WALL STREET MORTGAGE BANKERS,",184
WARSAW FEDERAL SAVINGS & LOAN,1005
WASHINGTON AREA TEACHERS FCU,43
WASHINGTON COUNTY TEACHERS FCU,2547
WASHINGTON FINANCIAL BANK,560
WASHINGTON TRUST BANK,929
WASHINGTONFIRST BANK,26899
WATERFORD BANK N.A.,349
"WATERMARK CAPITAL, INC.",80020
WATERSTONE MORTGAGE CORP,147667
WCS FUNDING GROUP,191506
"WCS LENDING, LLC",116486
"WEBSTER BANK, N.A.",1841
WEI MORTGAGE CORPORATION,707326
WEICHERT FINANCIAL SERVICES,762270
"WELLS FARGO BANK, NA",36526207
WEPCO FEDERAL CREDIT UNION,9505
"WESBANCO BANK, INC.",377667
WEST GATE BANK,417
WEST TOWN SAVINGS BANK,185011
WEST VIRGINIA CENTRAL CREDIT U,17392
WEST VIRGINIA FCU,37954
WESTERN FEDERAL CREDIT UNION,32888
WESTFIELD BANK FSB,310
WESTSTAR MORTGAGE INC,1711386
WHITESVILLE STATE BANK,11031
WHITNEY BANK,384
"WILLIAMSTOWN BANK, INC",15913
WINGS FINANCIAL CREDIT UNION,8685
WOLVERINE BANK FSB,1860
WOODSBORO BANK,17705
WOORI AMERICA BANK,7151
WORTHINGTON FEDERAL BANK,208
WR STARKEY MORTGAGE LLP,210
WRIGHT-PATT CREDIT UNION,4996
WSFS BANK,347472
"WYNDHAM CAPITAL MORTGAGE, INC",690005
WYOMING BANK & TRUST,491
XCEED FNCL FED CU,2258
XCEL FEDERAL CREDIT UNION,84
XENITH BANK,3556
YADKIN VALLEY BANK,2169
YORK TRADITIONS BANK,2870
